"","period","age_grp","race","gender","count","pop","main.vs.sa"
"1",10,5,"Black","Male",21,733126,"main"
"2",10,5,"White","Male",128,3803981,"main"
"3",10,6,"Black","Male",41,659150,"main"
"4",10,6,"White","Male",230,3813100,"main"
"5",10,7,"Black","Male",73,616647,"main"
"6",10,7,"White","Male",365,3524237,"main"
"7",10,8,"Black","Male",135,623879,"main"
"8",10,8,"White","Male",678,3552511,"main"
"9",10,9,"Black","Male",246,608725,"main"
"10",10,9,"White","Male",1293,3695639,"main"
"11",3,5,"Black","Male",5,465820,"main"
"12",3,5,"White","Male",64,3991718,"main"
"13",3,6,"Black","Male",20,385993,"main"
"14",3,6,"White","Male",101,3586574,"main"
"15",3,7,"Black","Male",21,282438,"main"
"16",3,7,"White","Male",187,2809460,"main"
"17",3,8,"Black","Male",43,233231,"main"
"18",3,8,"White","Male",328,2316116,"main"
"19",3,9,"Black","Male",69,212504,"main"
"20",3,9,"White","Male",655,2234903,"main"
"21",4,5,"Black","Male",13,547207,"main"
"22",4,5,"White","Male",47,4320955,"main"
"23",4,6,"Black","Male",20,482264,"main"
"24",4,6,"White","Male",122,3981780,"main"
"25",4,7,"Black","Male",29,368582,"main"
"26",4,7,"White","Male",208,3463416,"main"
"27",4,8,"Black","Male",52,285938,"main"
"28",4,8,"White","Male",357,2716297,"main"
"29",4,9,"Black","Male",85,231215,"main"
"30",4,9,"White","Male",637,2242121,"main"
"31",5,5,"Black","Male",10,580260,"main"
"32",5,5,"White","Male",51,4208280,"main"
"33",5,6,"Black","Male",14,559573,"main"
"34",5,6,"White","Male",129,4326622,"main"
"35",5,7,"Black","Male",56,479137,"main"
"36",5,7,"White","Male",224,3929520,"main"
"37",5,8,"Black","Male",76,384097,"main"
"38",5,8,"White","Male",369,3467369,"main"
"39",5,9,"Black","Male",124,280458,"main"
"40",5,9,"White","Male",695,2672616,"main"
"41",6,5,"Black","Male",12,588116,"main"
"42",6,5,"White","Male",57,3836366,"main"
"43",6,6,"Black","Male",21,616552,"main"
"44",6,6,"White","Male",153,4405581,"main"
"45",6,7,"Black","Male",53,579499,"main"
"46",6,7,"White","Male",264,4367387,"main"
"47",6,8,"Black","Male",94,484972,"main"
"48",6,8,"White","Male",517,3932392,"main"
"49",6,9,"Black","Male",135,371292,"main"
"50",6,9,"White","Male",827,3373599,"main"
"51",7,5,"Black","Male",12,613912,"main"
"52",7,5,"White","Male",51,3673806,"main"
"53",7,6,"Black","Male",20,638986,"main"
"54",7,6,"White","Male",151,4019491,"main"
"55",7,7,"Black","Male",55,631189,"main"
"56",7,7,"White","Male",325,4337927,"main"
"57",7,8,"Black","Male",105,575669,"main"
"58",7,8,"White","Male",581,4249448,"main"
"59",7,9,"Black","Male",181,475563,"main"
"60",7,9,"White","Male",1044,3798251,"main"
"61",8,5,"Black","Male",14,585167,"main"
"62",8,5,"White","Male",92,3471196,"main"
"63",8,6,"Black","Male",28,622353,"main"
"64",8,6,"White","Male",171,3693333,"main"
"65",8,7,"Black","Male",65,626541,"main"
"66",8,7,"White","Male",320,3868146,"main"
"67",8,8,"Black","Male",139,617613,"main"
"68",8,8,"White","Male",649,4167203,"main"
"69",8,9,"Black","Male",196,559111,"main"
"70",8,9,"White","Male",1195,4082600,"main"
"71",9,5,"Black","Male",15,636500,"main"
"72",9,5,"White","Male",76,3745633,"main"
"73",9,6,"Black","Male",22,600830,"main"
"74",9,6,"White","Male",180,3545090,"main"
"75",9,7,"Black","Male",67,629135,"main"
"76",9,7,"White","Male",334,3601554,"main"
"77",9,8,"Black","Male",118,623504,"main"
"78",9,8,"White","Male",632,3779815,"main"
"79",9,9,"Black","Male",229,606068,"main"
"80",9,9,"White","Male",1282,4040128,"main"
"81",10,5,"Black","Female",21,783663,"main"
"82",10,5,"White","Female",134,3574555,"main"
"83",10,6,"Black","Female",45,746896,"main"
"84",10,6,"White","Female",218,3634483,"main"
"85",10,7,"Black","Female",65,716530,"main"
"86",10,7,"White","Female",346,3381624,"main"
"87",10,8,"Black","Female",142,727535,"main"
"88",10,8,"White","Female",611,3430367,"main"
"89",10,9,"Black","Female",255,695593,"main"
"90",10,9,"White","Female",1058,3613404,"main"
"91",3,5,"Black","Female",14,536793,"main"
"92",3,5,"White","Female",51,3910384,"main"
"93",3,6,"Black","Female",20,444284,"main"
"94",3,6,"White","Female",116,3573528,"main"
"95",3,7,"Black","Female",24,323594,"main"
"96",3,7,"White","Female",180,2796827,"main"
"97",3,8,"Black","Female",40,268003,"main"
"98",3,8,"White","Female",303,2342491,"main"
"99",3,9,"Black","Female",97,246720,"main"
"100",3,9,"White","Female",671,2284755,"main"
"101",4,5,"Black","Female",13,620457,"main"
"102",4,5,"White","Female",37,4193412,"main"
"103",4,6,"Black","Female",19,554562,"main"
"104",4,6,"White","Female",103,3939134,"main"
"105",4,7,"Black","Female",46,426733,"main"
"106",4,7,"White","Female",189,3439323,"main"
"107",4,8,"Black","Female",63,330243,"main"
"108",4,8,"White","Female",338,2746230,"main"
"109",4,9,"Black","Female",72,266975,"main"
"110",4,9,"White","Female",587,2270513,"main"
"111",5,5,"Black","Female",9,651484,"main"
"112",5,5,"White","Female",41,4074720,"main"
"113",5,6,"Black","Female",26,639696,"main"
"114",5,6,"White","Female",107,4250843,"main"
"115",5,7,"Black","Female",58,558453,"main"
"116",5,7,"White","Female",208,3885534,"main"
"117",5,8,"Black","Female",81,445079,"main"
"118",5,8,"White","Female",406,3482257,"main"
"119",5,9,"Black","Female",87,319991,"main"
"120",5,9,"White","Female",583,2679713,"main"
"121",6,5,"Black","Female",13,663619,"main"
"122",6,5,"White","Female",52,3669248,"main"
"123",6,6,"Black","Female",40,698798,"main"
"124",6,6,"White","Female",108,4244880,"main"
"125",6,7,"Black","Female",59,660806,"main"
"126",6,7,"White","Female",228,4273271,"main"
"127",6,8,"Black","Female",86,561927,"main"
"128",6,8,"White","Female",436,3917017,"main"
"129",6,9,"Black","Female",137,428954,"main"
"130",6,9,"White","Female",668,3372274,"main"
"131",7,5,"Black","Female",16,696054,"main"
"132",7,5,"White","Female",63,3462522,"main"
"133",7,6,"Black","Female",27,715297,"main"
"134",7,6,"White","Female",142,3807415,"main"
"135",7,7,"Black","Female",62,714588,"main"
"136",7,7,"White","Female",255,4204923,"main"
"137",7,8,"Black","Female",107,655712,"main"
"138",7,8,"White","Female",483,4198563,"main"
"139",7,9,"Black","Female",199,555020,"main"
"140",7,9,"White","Female",867,3801221,"main"
"141",8,5,"Black","Female",7,674226,"main"
"142",8,5,"White","Female",71,3298976,"main"
"143",8,6,"Black","Female",41,721518,"main"
"144",8,6,"White","Female",131,3487662,"main"
"145",8,7,"Black","Female",61,713137,"main"
"146",8,7,"White","Female",251,3713497,"main"
"147",8,8,"Black","Female",124,702643,"main"
"148",8,8,"White","Female",568,4092336,"main"
"149",8,9,"Black","Female",221,638805,"main"
"150",8,9,"White","Female",995,4072780,"main"
"151",9,5,"Black","Female",13,717507,"main"
"152",9,5,"White","Female",91,3558707,"main"
"153",9,6,"Black","Female",27,701657,"main"
"154",9,6,"White","Female",163,3375066,"main"
"155",9,7,"Black","Female",56,731960,"main"
"156",9,7,"White","Female",292,3462295,"main"
"157",9,8,"Black","Female",139,708331,"main"
"158",9,8,"White","Female",590,3669451,"main"
"159",9,9,"Black","Female",273,689975,"main"
"160",9,9,"White","Female",1002,4008016,"main"
"161",3,5,"Black","Female",14,536793,"sa"
"162",3,6,"Black","Female",20,444284,"sa"
"163",3,7,"Black","Female",24,323594,"sa"
"164",3,8,"Black","Female",40,268003,"sa"
"165",3,9,"Black","Female",97,246720,"sa"
"166",4,5,"Black","Female",13,620457,"sa"
"167",4,6,"Black","Female",19,554562,"sa"
"168",4,7,"Black","Female",46,426733,"sa"
"169",4,8,"Black","Female",63,330243,"sa"
"170",4,9,"Black","Female",72,266975,"sa"
"171",5,5,"Black","Female",9,651484,"sa"
"172",5,6,"Black","Female",26,639696,"sa"
"173",5,7,"Black","Female",58,558453,"sa"
"174",5,8,"Black","Female",81,445079,"sa"
"175",5,9,"Black","Female",87,319991,"sa"
"176",6,5,"Black","Female",19,930750,"sa"
"177",6,6,"Black","Female",52,993315,"sa"
"178",6,7,"Black","Female",76,923084,"sa"
"179",6,8,"Black","Female",123,782470,"sa"
"180",6,9,"Black","Female",201,604162,"sa"
"181",7,5,"Black","Female",27,1297899,"sa"
"182",7,6,"Black","Female",52,1372371,"sa"
"183",7,7,"Black","Female",134,1419426,"sa"
"184",7,8,"Black","Female",221,1320751,"sa"
"185",7,9,"Black","Female",390,1117068,"sa"
"186",8,5,"Black","Female",23,1872662,"sa"
"187",8,6,"Black","Female",106,1933835,"sa"
"188",8,7,"Black","Female",174,2001872,"sa"
"189",8,8,"Black","Female",368,2057662,"sa"
"190",8,9,"Black","Female",670,1880536,"sa"
"191",9,5,"Black","Female",47,2025128,"sa"
"192",9,6,"Black","Female",86,1915564,"sa"
"193",9,7,"Black","Female",190,1951164,"sa"
"194",9,8,"Black","Female",421,1993617,"sa"
"195",9,9,"Black","Female",748,2023270,"sa"
"196",10,5,"Black","Female",57,2193107,"sa"
"197",10,6,"Black","Female",143,2058871,"sa"
"198",10,7,"Black","Female",212,1942654,"sa"
"199",10,8,"Black","Female",385,1945057,"sa"
"200",10,9,"Black","Female",725,1964339,"sa"
"201",3,5,"White","Female",51,3910384,"sa"
"202",3,6,"White","Female",116,3573528,"sa"
"203",3,7,"White","Female",180,2796827,"sa"
"204",3,8,"White","Female",303,2342491,"sa"
"205",3,9,"White","Female",671,2284755,"sa"
"206",4,5,"White","Female",37,4193412,"sa"
"207",4,6,"White","Female",103,3939134,"sa"
"208",4,7,"White","Female",189,3439323,"sa"
"209",4,8,"White","Female",338,2746230,"sa"
"210",4,9,"White","Female",587,2270513,"sa"
"211",5,5,"White","Female",41,4074720,"sa"
"212",5,6,"White","Female",107,4250843,"sa"
"213",5,7,"White","Female",208,3885534,"sa"
"214",5,8,"White","Female",406,3482257,"sa"
"215",5,9,"White","Female",584,2679713,"sa"
"216",6,5,"White","Female",75,5539448,"sa"
"217",6,6,"White","Female",150,6217468,"sa"
"218",6,7,"White","Female",320,6032070,"sa"
"219",6,8,"White","Female",582,5415332,"sa"
"220",6,9,"White","Female",901,4653296,"sa"
"221",7,5,"White","Female",130,7245008,"sa"
"222",7,6,"White","Female",280,7929639,"sa"
"223",7,7,"White","Female",534,8549414,"sa"
"224",7,8,"White","Female",1040,8422123,"sa"
"225",7,9,"White","Female",1808,7563454,"sa"
"226",8,5,"White","Female",192,10130987,"sa"
"227",8,6,"White","Female",449,10664604,"sa"
"228",8,7,"White","Female",815,11398029,"sa"
"229",8,8,"White","Female",1743,12274446,"sa"
"230",8,9,"White","Female",2981,11922807,"sa"
"231",9,5,"White","Female",242,10770292,"sa"
"232",9,6,"White","Female",452,10176922,"sa"
"233",9,7,"White","Female",942,10623525,"sa"
"234",9,8,"White","Female",1791,11189899,"sa"
"235",9,9,"White","Female",3194,11981827,"sa"
"236",10,5,"White","Female",354,10960933,"sa"
"237",10,6,"White","Female",670,10817416,"sa"
"238",10,7,"White","Female",1054,10192122,"sa"
"239",10,8,"White","Female",1888,10490957,"sa"
"240",10,9,"White","Female",3258,10983446,"sa"
"241",3,5,"Black","Male",5,465820,"sa"
"242",3,6,"Black","Male",20,385993,"sa"
"243",3,7,"Black","Male",21,282438,"sa"
"244",3,8,"Black","Male",43,233231,"sa"
"245",3,9,"Black","Male",69,212504,"sa"
"246",4,5,"Black","Male",13,547207,"sa"
"247",4,6,"Black","Male",20,482264,"sa"
"248",4,7,"Black","Male",29,368582,"sa"
"249",4,8,"Black","Male",52,285938,"sa"
"250",4,9,"Black","Male",85,231215,"sa"
"251",5,5,"Black","Male",10,580260,"sa"
"252",5,6,"Black","Male",14,559573,"sa"
"253",5,7,"Black","Male",56,479137,"sa"
"254",5,8,"Black","Male",76,384097,"sa"
"255",5,9,"Black","Male",124,280458,"sa"
"256",6,5,"Black","Male",15,829314,"sa"
"257",6,6,"Black","Male",34,883846,"sa"
"258",6,7,"Black","Male",66,814782,"sa"
"259",6,8,"Black","Male",138,676863,"sa"
"260",6,9,"Black","Male",190,518510,"sa"
"261",7,5,"Black","Male",22,1167963,"sa"
"262",7,6,"Black","Male",42,1239659,"sa"
"263",7,7,"Black","Male",112,1269134,"sa"
"264",7,8,"Black","Male",242,1177343,"sa"
"265",7,9,"Black","Male",403,968343,"sa"
"266",8,5,"Black","Male",30,1696984,"sa"
"267",8,6,"Black","Male",80,1739205,"sa"
"268",8,7,"Black","Male",181,1800174,"sa"
"269",8,8,"Black","Male",412,1848435,"sa"
"270",8,9,"Black","Male",615,1679840,"sa"
"271",9,5,"Black","Male",36,1885457,"sa"
"272",9,6,"Black","Male",60,1733103,"sa"
"273",9,7,"Black","Male",165,1743739,"sa"
"274",9,8,"Black","Male",368,1797741,"sa"
"275",9,9,"Black","Male",779,1822984,"sa"
"276",10,5,"Black","Male",49,2145252,"sa"
"277",10,6,"Black","Male",108,1918111,"sa"
"278",10,7,"Black","Male",182,1744678,"sa"
"279",10,8,"Black","Male",359,1734265,"sa"
"280",10,9,"Black","Male",735,1757313,"sa"
"281",3,5,"White","Male",64,3991718,"sa"
"282",3,6,"White","Male",101,3586574,"sa"
"283",3,7,"White","Male",187,2809460,"sa"
"284",3,8,"White","Male",328,2316116,"sa"
"285",3,9,"White","Male",655,2234903,"sa"
"286",4,5,"White","Male",47,4320955,"sa"
"287",4,6,"White","Male",122,3981780,"sa"
"288",4,7,"White","Male",208,3463416,"sa"
"289",4,8,"White","Male",357,2716297,"sa"
"290",4,9,"White","Male",637,2242121,"sa"
"291",5,5,"White","Male",51,4208280,"sa"
"292",5,6,"White","Male",129,4326622,"sa"
"293",5,7,"White","Male",224,3929520,"sa"
"294",5,8,"White","Male",368,3467369,"sa"
"295",5,9,"White","Male",695,2672616,"sa"
"296",6,5,"White","Male",86,5987562,"sa"
"297",6,6,"White","Male",213,6601138,"sa"
"298",6,7,"White","Male",367,6262064,"sa"
"299",6,8,"White","Male",680,5476652,"sa"
"300",6,9,"White","Male",1085,4657006,"sa"
"301",7,5,"White","Male",131,7781144,"sa"
"302",7,6,"White","Male",324,8434180,"sa"
"303",7,7,"White","Male",660,8884140,"sa"
"304",7,8,"White","Male",1177,8571203,"sa"
"305",7,9,"White","Male",2118,7544784,"sa"
"306",8,5,"White","Male",233,10755334,"sa"
"307",8,6,"White","Male",488,11229358,"sa"
"308",8,7,"White","Male",1041,11824113,"sa"
"309",8,8,"White","Male",1888,12497701,"sa"
"310",8,9,"White","Male",3615,11944959,"sa"
"311",9,5,"White","Male",266,11433171,"sa"
"312",9,6,"White","Male",535,10687160,"sa"
"313",9,7,"White","Male",978,10965068,"sa"
"314",9,8,"White","Male",2006,11465355,"sa"
"315",9,9,"White","Male",3903,12060595,"sa"
"316",10,5,"White","Male",375,11743005,"sa"
"317",10,6,"White","Male",668,11384864,"sa"
"318",10,7,"White","Male",1119,10566757,"sa"
"319",10,8,"White","Male",2100,10737356,"sa"
"320",10,9,"White","Male",3820,11150907,"sa"
"321",3,10,"Black","Female",164,241910,"main"
"322",3,11,"Black","Female",214,221664,"main"
"323",3,12,"Black","Female",244,184050,"main"
"324",3,13,"Black","Female",269,154746,"main"
"325",3,14,"Black","Female",264,107088,"main"
"326",4,10,"Black","Female",139,238812,"main"
"327",4,11,"Black","Female",232,228233,"main"
"328",4,12,"Black","Female",305,202048,"main"
"329",4,13,"Black","Female",386,175527,"main"
"330",4,14,"Black","Female",361,131281,"main"
"331",5,10,"Black","Female",167,252814,"main"
"332",5,11,"Black","Female",238,227218,"main"
"333",5,12,"Black","Female",322,214591,"main"
"334",5,13,"Black","Female",424,193939,"main"
"335",5,14,"Black","Female",415,147887,"main"
"336",6,10,"Black","Female",196,311441,"main"
"337",6,11,"Black","Female",235,244157,"main"
"338",6,12,"Black","Female",312,215686,"main"
"339",6,13,"Black","Female",362,199254,"main"
"340",6,14,"Black","Female",446,163183,"main"
"341",7,10,"Black","Female",262,434624,"main"
"342",7,11,"Black","Female",331,299770,"main"
"343",7,12,"Black","Female",344,231873,"main"
"344",7,13,"Black","Female",430,200102,"main"
"345",7,14,"Black","Female",427,170338,"main"
"346",8,10,"Black","Female",398,545078,"main"
"347",8,11,"Black","Female",416,417293,"main"
"348",8,12,"Black","Female",395,283211,"main"
"349",8,13,"Black","Female",418,215038,"main"
"350",8,14,"Black","Female",444,177947,"main"
"351",9,10,"Black","Female",464,629480,"main"
"352",9,11,"Black","Female",437,529666,"main"
"353",9,12,"Black","Female",469,399460,"main"
"354",9,13,"Black","Female",428,266333,"main"
"355",9,14,"Black","Female",396,194113,"main"
"356",10,10,"Black","Female",483,676591,"main"
"357",10,11,"Black","Female",446,609413,"main"
"358",10,12,"Black","Female",488,504004,"main"
"359",10,13,"Black","Female",484,375690,"main"
"360",10,14,"Black","Female",391,242585,"main"
"361",3,10,"White","Female",1293,2453440,"main"
"362",3,11,"White","Female",1984,2421670,"main"
"363",3,12,"White","Female",2750,2097651,"main"
"364",3,13,"White","Female",3358,1800771,"main"
"365",3,14,"White","Female",3873,1455112,"main"
"366",4,10,"White","Female",1104,2203908,"main"
"367",4,11,"White","Female",1956,2308366,"main"
"368",4,12,"White","Female",2775,2203959,"main"
"369",4,13,"White","Female",3709,1952058,"main"
"370",4,14,"White","Female",4261,1611593,"main"
"371",5,10,"White","Female",969,2202565,"main"
"372",5,11,"White","Female",1522,2081114,"main"
"373",5,12,"White","Female",2475,2131362,"main"
"374",5,13,"White","Female",3454,2057855,"main"
"375",5,14,"White","Female",4189,1726986,"main"
"376",6,10,"White","Female",949,2627753,"main"
"377",6,11,"White","Female",1464,2115310,"main"
"378",6,12,"White","Female",2183,1962969,"main"
"379",6,13,"White","Female",3181,1983654,"main"
"380",6,14,"White","Female",4226,1841120,"main"
"381",7,10,"White","Female",1298,3333777,"main"
"382",7,11,"White","Female",1587,2495585,"main"
"383",7,12,"White","Female",2133,1970271,"main"
"384",7,13,"White","Female",2894,1802113,"main"
"385",7,14,"White","Female",3999,1775776,"main"
"386",8,10,"White","Female",1539,3689659,"main"
"387",8,11,"White","Female",1891,3173078,"main"
"388",8,12,"White","Female",2070,2324521,"main"
"389",8,13,"White","Female",2582,1815239,"main"
"390",8,14,"White","Female",3233,1637033,"main"
"391",9,10,"White","Female",1837,3996936,"main"
"392",9,11,"White","Female",1911,3589664,"main"
"393",9,12,"White","Female",2069,3020293,"main"
"394",9,13,"White","Female",2389,2193252,"main"
"395",9,14,"White","Female",2711,1673743,"main"
"396",10,10,"White","Female",1981,3933952,"main"
"397",10,11,"White","Female",1904,3892695,"main"
"398",10,12,"White","Female",2211,3440020,"main"
"399",10,13,"White","Female",2571,2846560,"main"
"400",10,14,"White","Female",2517,2025590,"main"
"401",3,10,"Black","Male",142,208115,"main"
"402",3,11,"Black","Male",235,193334,"main"
"403",3,12,"Black","Male",266,152799,"main"
"404",3,13,"Black","Male",249,121990,"main"
"405",3,14,"Black","Male",275,78605,"main"
"406",4,10,"Black","Male",134,204832,"main"
"407",4,11,"Black","Male",231,195031,"main"
"408",4,12,"Black","Male",342,162962,"main"
"409",4,13,"Black","Male",347,134861,"main"
"410",4,14,"Black","Male",307,90918,"main"
"411",5,10,"Black","Male",164,216004,"main"
"412",5,11,"Black","Male",236,187688,"main"
"413",5,12,"Black","Male",330,170215,"main"
"414",5,13,"Black","Male",422,146671,"main"
"415",5,14,"Black","Male",372,101131,"main"
"416",6,10,"Black","Male",201,268198,"main"
"417",6,11,"Black","Male",235,200271,"main"
"418",6,12,"Black","Male",332,174204,"main"
"419",6,13,"Black","Male",418,151513,"main"
"420",6,14,"Black","Male",412,110526,"main"
"421",7,10,"Black","Male",294,370341,"main"
"422",7,11,"Black","Male",305,252941,"main"
"423",7,12,"Black","Male",395,186317,"main"
"424",7,13,"Black","Male",382,150158,"main"
"425",7,14,"Black","Male",398,115399,"main"
"426",8,10,"Black","Male",366,462536,"main"
"427",8,11,"Black","Male",437,347894,"main"
"428",8,12,"Black","Male",416,231020,"main"
"429",8,13,"Black","Male",388,162724,"main"
"430",8,14,"Black","Male",389,123143,"main"
"431",9,10,"Black","Male",487,550284,"main"
"432",9,11,"Black","Male",527,439247,"main"
"433",9,12,"Black","Male",529,318837,"main"
"434",9,13,"Black","Male",443,207015,"main"
"435",9,14,"Black","Male",381,137847,"main"
"436",10,10,"Black","Male",501,590191,"main"
"437",10,11,"Black","Male",530,523330,"main"
"438",10,12,"Black","Male",558,400717,"main"
"439",10,13,"Black","Male",594,283325,"main"
"440",10,14,"Black","Male",387,177955,"main"
"441",3,10,"White","Male",1385,2347321,"main"
"442",3,11,"White","Male",2394,2244532,"main"
"443",3,12,"White","Male",3248,1884225,"main"
"444",3,13,"White","Male",3907,1456057,"main"
"445",3,14,"White","Male",3960,1042417,"main"
"446",4,10,"White","Male",1312,2141703,"main"
"447",4,11,"White","Male",2405,2153013,"main"
"448",4,12,"White","Male",3746,1982610,"main"
"449",4,13,"White","Male",4553,1608856,"main"
"450",4,14,"White","Male",4643,1177345,"main"
"451",5,10,"White","Male",1159,2157597,"main"
"452",5,11,"White","Male",2163,1983663,"main"
"453",5,12,"White","Male",3447,1927510,"main"
"454",5,13,"White","Male",4623,1712834,"main"
"455",5,14,"White","Male",4970,1301256,"main"
"456",6,10,"White","Male",1364,2578869,"main"
"457",6,11,"White","Male",2006,2043927,"main"
"458",6,12,"White","Male",2923,1815671,"main"
"459",6,13,"White","Male",4311,1681037,"main"
"460",6,14,"White","Male",4727,1427847,"main"
"461",7,10,"White","Male",1773,3282266,"main"
"462",7,11,"White","Male",2371,2434062,"main"
"463",7,12,"White","Male",2938,1847904,"main"
"464",7,13,"White","Male",3812,1580415,"main"
"465",7,14,"White","Male",4575,1419895,"main"
"466",8,10,"White","Male",2184,3653167,"main"
"467",8,11,"White","Male",2641,3082736,"main"
"468",8,12,"White","Male",2938,2211816,"main"
"469",8,13,"White","Male",3316,1629261,"main"
"470",8,14,"White","Male",3787,1359455,"main"
"471",9,10,"White","Male",2385,3962267,"main"
"472",9,11,"White","Male",2618,3496936,"main"
"473",9,12,"White","Male",3097,2879015,"main"
"474",9,13,"White","Male",3156,2017078,"main"
"475",9,14,"White","Male",3117,1433009,"main"
"476",10,10,"White","Male",2567,3929129,"main"
"477",10,11,"White","Male",2752,3805855,"main"
"478",10,12,"White","Male",3155,3286428,"main"
"479",10,13,"White","Male",3367,2631694,"main"
"480",10,14,"White","Male",2951,1786577,"main"
"481",3,10,"Black","Female",164,241910,"sa"
"482",3,11,"Black","Female",214,221664,"sa"
"483",3,12,"Black","Female",244,184050,"sa"
"484",3,13,"Black","Female",269,154746,"sa"
"485",3,14,"Black","Female",264,107088,"sa"
"486",4,10,"Black","Female",139,238812,"sa"
"487",4,11,"Black","Female",232,228233,"sa"
"488",4,12,"Black","Female",305,202048,"sa"
"489",4,13,"Black","Female",386,175527,"sa"
"490",4,14,"Black","Female",361,131281,"sa"
"491",5,10,"Black","Female",167,252814,"sa"
"492",5,11,"Black","Female",238,227218,"sa"
"493",5,12,"Black","Female",322,214591,"sa"
"494",5,13,"Black","Female",424,193939,"sa"
"495",5,14,"Black","Female",415,147887,"sa"
"496",6,10,"Black","Female",294,452777,"sa"
"497",6,11,"Black","Female",348,361469,"sa"
"498",6,12,"Black","Female",440,315822,"sa"
"499",6,13,"Black","Female",539,288358,"sa"
"500",6,14,"Black","Female",650,235601,"sa"
"501",7,10,"Black","Female",578,897843,"sa"
"502",7,11,"Black","Female",675,642495,"sa"
"503",7,12,"Black","Female",750,515747,"sa"
"504",7,13,"Black","Female",913,437116,"sa"
"505",7,14,"Black","Female",932,365262,"sa"
"506",8,10,"Black","Female",1216,1590963,"sa"
"507",8,11,"Black","Female",1177,1233877,"sa"
"508",8,12,"Black","Female",1270,890337,"sa"
"509",8,13,"Black","Female",1369,710440,"sa"
"510",8,14,"Black","Female",1385,574635,"sa"
"511",9,10,"Black","Female",1372,1860663,"sa"
"512",9,11,"Black","Female",1344,1547533,"sa"
"513",9,12,"Black","Female",1428,1174398,"sa"
"514",9,13,"Black","Female",1372,834334,"sa"
"515",9,14,"Black","Female",1284,631092,"sa"
"516",10,10,"Black","Female",1468,1984966,"sa"
"517",10,11,"Black","Female",1394,1803414,"sa"
"518",10,12,"Black","Female",1487,1471160,"sa"
"519",10,13,"Black","Female",1515,1102977,"sa"
"520",10,14,"Black","Female",1258,756389,"sa"
"521",3,10,"White","Female",1293,2453440,"sa"
"522",3,11,"White","Female",1984,2421670,"sa"
"523",3,12,"White","Female",2750,2097651,"sa"
"524",3,13,"White","Female",3358,1800771,"sa"
"525",3,14,"White","Female",3873,1455112,"sa"
"526",4,10,"White","Female",1104,2203908,"sa"
"527",4,11,"White","Female",1956,2308366,"sa"
"528",4,12,"White","Female",2775,2203959,"sa"
"529",4,13,"White","Female",3709,1952058,"sa"
"530",4,14,"White","Female",4261,1611593,"sa"
"531",5,10,"White","Female",969,2202565,"sa"
"532",5,11,"White","Female",1522,2081114,"sa"
"533",5,12,"White","Female",2475,2131362,"sa"
"534",5,13,"White","Female",3454,2057855,"sa"
"535",5,14,"White","Female",4189,1726986,"sa"
"536",6,10,"White","Female",1297,3622772,"sa"
"537",6,11,"White","Female",1944,2920693,"sa"
"538",6,12,"White","Female",2845,2692992,"sa"
"539",6,13,"White","Female",4250,2717038,"sa"
"540",6,14,"White","Female",5570,2505973,"sa"
"541",7,10,"White","Female",2716,6686232,"sa"
"542",7,11,"White","Female",3271,5061145,"sa"
"543",7,12,"White","Female",4254,4020431,"sa"
"544",7,13,"White","Female",5695,3634402,"sa"
"545",7,14,"White","Female",7655,3554032,"sa"
"546",8,10,"White","Female",4791,10668965,"sa"
"547",8,11,"White","Female",5659,9233497,"sa"
"548",8,12,"White","Female",6277,6940235,"sa"
"549",8,13,"White","Female",7832,5536847,"sa"
"550",8,14,"White","Female",9394,4955800,"sa"
"551",9,10,"White","Female",5553,11677083,"sa"
"552",9,11,"White","Female",5837,10372616,"sa"
"553",9,12,"White","Female",6750,8807737,"sa"
"554",9,13,"White","Female",7502,6553259,"sa"
"555",9,14,"White","Female",8193,5069162,"sa"
"556",10,10,"White","Female",5985,11717795,"sa"
"557",10,11,"White","Female",6234,11341229,"sa"
"558",10,12,"White","Female",7007,9927052,"sa"
"559",10,13,"White","Female",8117,8315123,"sa"
"560",10,14,"White","Female",7709,6050226,"sa"
"561",3,10,"Black","Male",142,208115,"sa"
"562",3,11,"Black","Male",235,193334,"sa"
"563",3,12,"Black","Male",266,152799,"sa"
"564",3,13,"Black","Male",249,121990,"sa"
"565",3,14,"Black","Male",275,78605,"sa"
"566",4,10,"Black","Male",134,204832,"sa"
"567",4,11,"Black","Male",231,195031,"sa"
"568",4,12,"Black","Male",342,162962,"sa"
"569",4,13,"Black","Male",347,134861,"sa"
"570",4,14,"Black","Male",307,90918,"sa"
"571",5,10,"Black","Male",164,216004,"sa"
"572",5,11,"Black","Male",236,187688,"sa"
"573",5,12,"Black","Male",330,170215,"sa"
"574",5,13,"Black","Male",422,146671,"sa"
"575",5,14,"Black","Male",372,101131,"sa"
"576",6,10,"Black","Male",294,387014,"sa"
"577",6,11,"Black","Male",369,300943,"sa"
"578",6,12,"Black","Male",494,255692,"sa"
"579",6,13,"Black","Male",617,220255,"sa"
"580",6,14,"Black","Male",564,159647,"sa"
"581",7,10,"Black","Male",600,765336,"sa"
"582",7,11,"Black","Male",694,537068,"sa"
"583",7,12,"Black","Male",883,417685,"sa"
"584",7,13,"Black","Male",859,332669,"sa"
"585",7,14,"Black","Male",892,249333,"sa"
"586",8,10,"Black","Male",1153,1381175,"sa"
"587",8,11,"Black","Male",1359,1037031,"sa"
"588",8,12,"Black","Male",1384,720821,"sa"
"589",8,13,"Black","Male",1443,547471,"sa"
"590",8,14,"Black","Male",1351,402850,"sa"
"591",9,10,"Black","Male",1416,1663974,"sa"
"592",9,11,"Black","Male",1605,1317523,"sa"
"593",9,12,"Black","Male",1678,959132,"sa"
"594",9,13,"Black","Male",1494,645410,"sa"
"595",9,14,"Black","Male",1374,455356,"sa"
"596",10,10,"Black","Male",1484,1768615,"sa"
"597",10,11,"Black","Male",1737,1574923,"sa"
"598",10,12,"Black","Male",1817,1204338,"sa"
"599",10,13,"Black","Male",1809,855821,"sa"
"600",10,14,"Black","Male",1286,550347,"sa"
"601",3,10,"White","Male",1385,2347321,"sa"
"602",3,11,"White","Male",2394,2244532,"sa"
"603",3,12,"White","Male",3248,1884225,"sa"
"604",3,13,"White","Male",3907,1456057,"sa"
"605",3,14,"White","Male",3960,1042417,"sa"
"606",4,10,"White","Male",1312,2141703,"sa"
"607",4,11,"White","Male",2405,2153013,"sa"
"608",4,12,"White","Male",3746,1982610,"sa"
"609",4,13,"White","Male",4553,1608856,"sa"
"610",4,14,"White","Male",4643,1177345,"sa"
"611",5,10,"White","Male",1159,2157597,"sa"
"612",5,11,"White","Male",2163,1983663,"sa"
"613",5,12,"White","Male",3447,1927510,"sa"
"614",5,13,"White","Male",4623,1712834,"sa"
"615",5,14,"White","Male",4970,1301256,"sa"
"616",6,10,"White","Male",1797,3548572,"sa"
"617",6,11,"White","Male",2672,2811081,"sa"
"618",6,12,"White","Male",3882,2480509,"sa"
"619",6,13,"White","Male",5688,2283405,"sa"
"620",6,14,"White","Male",6274,1934964,"sa"
"621",7,10,"White","Male",3658,6550769,"sa"
"622",7,11,"White","Male",4725,4872184,"sa"
"623",7,12,"White","Male",5855,3731871,"sa"
"624",7,13,"White","Male",7568,3173717,"sa"
"625",7,14,"White","Male",8990,2824698,"sa"
"626",8,10,"White","Male",6368,10483756,"sa"
"627",8,11,"White","Male",8030,8895859,"sa"
"628",8,12,"White","Male",9016,6483764,"sa"
"629",8,13,"White","Male",10378,4906409,"sa"
"630",8,14,"White","Male",11539,4088324,"sa"
"631",9,10,"White","Male",7065,11550744,"sa"
"632",9,11,"White","Male",8111,10008304,"sa"
"633",9,12,"White","Male",9594,8307787,"sa"
"634",9,13,"White","Male",10107,5911990,"sa"
"635",9,14,"White","Male",9942,4290233,"sa"
"636",10,10,"White","Male",7703,11657594,"sa"
"637",10,11,"White","Male",8729,11025079,"sa"
"638",10,12,"White","Male",9851,9364192,"sa"
"639",10,13,"White","Male",10853,7601153,"sa"
"640",10,14,"White","Male",9328,5228857,"sa"
